index,x,y,score,scale
1,523,11,0.74282982791587,4
2,287,295,0.7269218398198778,5
3,576,92,0.5289855072463768,6
4,10,245,0.6147959183673469,8
5,221,257,0.5249895002099958,5
6,224,151,0.7831340155344594,3
7,483,114,0.6485932004689332,3
8,379,165,0.7395013123359581,4
